shap_Pregnancies,shap_Glucose,shap_BloodPressure,shap_SkinThickness,shap_Insulin,shap_BMI,shap_DiabetesPedigreeFunction,shap_Age
-0.14992653,0.5241317,0.077214405,0.11056633,0.22629717,0.17120583,0.22202227,0.58674103
-0.26634005,-2.1674936,0.09813273,-0.10330749,0.11224356,-1.6133742,-0.19714029,0.036718827
0.67624253,3.2303567,0.17865698,-0.0366177,0.075299576,-1.1719639,0.28537,0.19424139
-0.21085851,-1.8778063,0.012882076,-0.11917325,-0.24825095,-0.100356564,-0.41243163,-0.53203624
-0.1086383,0.3932416,0.08583154,0.14241095,0.20590158,0.8246104,-0.44727573,0.17537051
-0.13174078,-0.6258143,0.037305765,-0.025968175,0.13261297,-1.8177311,-0.21544597,-0.023251435
-0.13547686,-2.4834948,-0.22095124,0.16857952,-0.5089826,0.030904844,-0.3885631,-0.30782568
0.43136615,-0.25331098,0.07719808,-0.019559532,0.2162691,0.005664098,-0.39144868,0.23210815
-0.11470889,3.004132,0.07287357,0.43502963,-0.22794521,0.24462031,-0.4618098,0.48304725
0.4872422,0.05530155,-0.14435261,-0.049461346,0.228475,0.53015393,-0.080018036,0.8604114
-0.18352784,-0.524776,-0.2626325,-0.018222492,0.201672,0.22441672,-0.32418308,0.07150914
0.17555268,2.3612764,0.022120813,-0.0470725,0.14320587,0.2273113,0.616075,-0.11495379
0.30185664,-0.13933137,0.04071467,-0.07730993,0.13049664,-0.9759346,-0.6316793,-0.029385334
-0.0897904,2.8543718,-0.111574404,-0.034190986,-0.28045058,0.22149535,0.11229171,0.11721153
-0.24803229,2.3961964,0.21915235,-0.034564573,0.17253225,-0.98495066,0.21335047,0.37970006
0.5262291,-0.73141485,0.12454992,-0.028304186,0.23821692,0.36280605,-0.14605224,0.5479663
-0.06883475,-0.4037408,-0.03163494,0.08621053,-0.36141747,2.2408957,0.4478034,0.04668182
0.5096627,-0.38853928,0.08081975,-0.031317998,0.20763242,0.030243928,-0.27307925,0.51338696
-0.121796995,-0.7786542,-0.091904335,0.035932846,-0.7562727,0.6877526,-0.46965235,0.36470616
-0.15739089,-0.20530008,0.092446335,-0.016371192,-0.22279918,0.30837393,0.5225627,0.41148
-0.201798,-0.43592265,-0.16776946,0.086731695,-0.48952684,0.112107486,0.318279,-0.4531994
0.21395332,-1.1718973,0.10095186,-0.024290789,0.20414974,0.09864619,-0.23587574,0.92153436
0.37675822,3.0012968,-0.09575252,-0.03249981,0.21349303,0.24175867,0.14822881,0.34711742
0.7919061,-0.15433311,0.07794551,0.050503682,0.2178765,0.099113196,-0.13622084,0.21929532
0.23923697,0.36438265,-0.17834178,0.103211865,0.25950825,0.12713449,-0.19403614,0.68504274
0.36221573,0.08698431,0.087222524,0.014912602,-0.14122583,0.38536066,-0.3401957,0.64869124
0.31569326,0.41867447,0.019615335,-0.041993674,0.23428966,0.037320215,-0.12948896,0.6539017
-0.2711689,-1.3216428,0.13620184,-0.23064372,0.04768884,-1.6964897,-0.12020354,-0.44836938
0.23484176,0.5292022,0.05107126,0.031554557,-0.36838177,-1.8637453,-0.19835514,0.0681161
-0.17344809,-0.23466007,-0.50816566,-0.0369272,0.22906034,0.30912852,-0.259097,0.34162775
-0.24896969,-0.47032368,0.024290686,-0.07548169,0.17038168,0.28991058,0.23229924,0.21492058
-0.06075131,2.0042486,0.063054524,0.08187036,-0.27956995,0.24530728,0.49028563,-0.016945785
0.070351556,-2.013532,-0.29729357,-0.18107593,-0.4535564,-0.7973618,-0.24177057,-0.16227542
-0.17061132,-1.8473927,-0.27716273,-0.084256195,0.0681786,-1.9408191,-0.27167422,-0.21726547
0.35377467,-0.3016568,0.05998012,0.0106176855,0.1788066,-0.23081762,0.19447312,0.813224
0.16036464,-0.88431686,-0.29029277,0.024984865,0.009853993,-1.862496,0.59414965,0.106553346
0.23029341,0.46521994,0.013229769,-0.07683507,0.21299633,0.26634142,-0.044915788,-0.13482872
0.6008787,-0.5345809,0.05886778,0.13068937,0.29708123,0.47922927,0.7969496,0.7856359
-0.16585627,-2.166557,0.06227076,0.14942874,0.1468733,0.08463094,-0.16941696,-0.42349494
-0.087344766,-0.47097167,0.08680331,0.18094943,-0.15327471,0.2889279,1.3984416,0.86940545
-0.11302362,2.2277203,0.01896531,0.017876774,-1.2880272,-0.016877389,-0.42305472,-0.092145965
0.15618335,0.045983024,-0.14940229,-0.06634658,0.17896232,0.1286966,0.35755137,-0.04374988
0.15039933,-1.0100236,-0.21736315,-0.008117095,0.073077954,-2.6088338,-0.037353937,0.6023934
0.64399874,1.6250952,-0.57719326,-0.02789592,-0.04899629,1.2048397,0.48728848,0.35301423
0.36528182,1.926479,0.08729258,-0.03799797,0.22319852,-0.5304651,-0.2853366,0.2598591
0.04695343,2.293426,0.16993746,0.14443462,0.18690626,0.52328277,-0.88419926,0.07046479
-0.46331918,0.42668417,-0.2389507,-0.021355944,0.1809946,-0.61761004,0.37741455,0.0014198893
-0.18442652,-2.7420385,0.14397518,-0.28024548,0.10773488,-0.04779536,0.103661776,-0.57746744
0.533867,-0.65687376,0.20689388,0.108089335,0.25378737,0.38905463,-0.18065454,0.5454527
0.52366406,-0.8396579,0.10772644,0.018433299,0.18225305,0.24783781,-0.307784,-0.3741333
-0.27106038,-0.9186969,0.0999092,-0.14027871,-0.21907967,-1.9388881,-0.2071277,-0.33646068
-0.3341249,-0.98891646,-0.30155194,-0.10202925,-0.058127083,-1.3086098,0.17821458,-0.13989666
-0.20085222,-2.1525028,0.06503625,-0.049411513,-0.252709,-0.97048885,-0.248238,-0.03401988
0.54506636,2.489949,-0.011380124,0.06440886,0.05729278,0.2822081,0.20124891,0.081307516
0.3206373,-1.5027355e-05,0.0021983786,0.030604228,-0.46931893,0.12873869,0.29001492,0.27107105
-0.28706944,-2.440647,-0.16699353,-0.28049126,0.0381032,-1.5518892,-0.29647103,-0.45677233
0.35517615,3.0926297,-0.044909295,0.05392203,0.004124838,0.18967824,-0.033050235,0.31705603
-0.09539144,-0.7591457,-0.041193314,-0.3240311,-0.23385677,1.2068594,-0.07550766,0.089151114
-0.17263892,0.32854617,-0.081695676,-0.077693485,0.19984305,0.070769206,-0.589177,0.50915146
0.02716944,-0.84929794,0.32461324,0.085928224,0.23705955,0.27151054,-0.34459215,-0.46020925
-0.18785183,-2.3039184,0.098629855,-0.03519572,0.17846552,0.18251806,-0.38424733,-0.48678696
0.46033344,0.2585983,0.09637998,-0.057223633,0.23876944,0.40498245,-0.19952343,0.1621096
-0.07116648,-2.7854776,0.17502125,-0.10238889,0.10693886,-1.629943,-0.02323252,0.009236665
-0.23727208,0.53764427,-0.17274429,0.11290817,0.13329116,-1.7935187,0.21532254,-0.30948448
0.2919976,-0.27065307,0.0853362,-0.02043992,0.26319382,0.3956362,-0.16183744,0.59167665
-0.1432287,-1.0198158,0.063299246,-0.058438312,0.21180363,0.011075805,-0.3555545,0.35150835
-0.07593771,-0.37700248,-0.17993994,-0.011567955,0.17117397,0.52056414,0.5165624,0.31980398
-0.19560085,-0.45468187,-0.5879732,-0.032418404,0.19413155,0.43477404,0.37272966,0.75026816
-0.27637422,-0.9856726,0.08995582,-0.062437642,0.026254637,-1.4854547,-0.18410423,-0.1722565
-0.17618306,0.58214635,-0.031612672,-0.1710823,-0.34757712,-0.27048028,-0.53333205,-0.17431574
-0.18052746,-0.7015315,0.07945522,0.0075223343,-0.2286366,0.3246529,0.7606015,-0.06291313
-0.12984003,0.5237769,0.12450034,0.060522974,0.20887285,-0.69044876,-0.046269942,-0.2041471
0.42542988,0.075892836,-0.12553611,-0.046296068,0.24965204,0.61209697,0.5775753,0.5006096
-0.19229122,-0.03927949,-0.122252114,-0.15946646,-0.47380018,0.112350404,-0.2644788,-0.6834172
-0.1862294,-2.8882153,0.0037300042,-0.02287895,0.16853452,0.18627621,-0.29600638,-0.45362848
-0.3061965,-0.62456363,-0.19511846,-0.14511737,0.052700266,-1.7063909,-0.0385821,-0.4743279
0.20851699,-3.0761523,0.02713904,-0.10269567,0.22284973,0.27743408,-0.30347633,0.36173737
-0.13288596,-1.2371316,0.079752274,0.092533045,0.21494505,0.14483546,-0.19634017,-0.39566368
0.004850356,0.30743283,0.15306367,-0.042330034,0.26498216,0.6689055,-0.15655632,-0.3169253
-0.1976977,-0.78173757,0.16828403,-0.10035795,0.04595709,-1.546635,-0.16184022,-0.5308992
0.104879245,-0.93745196,-0.2599273,-0.23125084,0.03252652,-1.8646173,-0.13453272,-0.4227908
-0.18185398,-2.7590787,0.07807066,-0.03614264,0.15727909,0.20524536,-1.0934136,-0.38808385
0.10815809,-2.1698167,0.10302937,-0.13623014,-0.8684138,0.03179365,0.6355178,-0.053630367
-0.17346695,-0.9501538,0.13400872,-0.15542601,0.06883296,-1.6849573,-0.17949715,-0.43745688
-0.029454125,0.5399834,-0.3001313,-0.048438292,0.25847206,2.4460914,0.20039316,0.01546482
-0.23499872,-0.5759868,0.038130186,-0.01813284,0.15826929,0.28281674,0.47719172,-0.4379859
0.20242134,-0.87240326,0.0580189,-0.26237816,0.21329641,0.019650238,-0.6807621,0.6355014
-0.16780216,-0.87419045,-0.008569868,0.06421245,-0.88955235,0.026911544,-0.23640391,-0.25016752
0.13551535,0.31397197,0.053801708,0.011070402,-0.61631507,0.0212647,-1.2913395,0.38898456
-0.2941292,-0.71654266,0.09260109,-0.10150653,0.035528176,-1.5158112,-0.22058044,-0.5183765
-0.29336417,-2.0812342,-0.24846382,-0.04716792,0.090142965,-1.9064474,-0.2289212,-0.3114554
-0.14861502,-0.4217546,0.057807665,-0.2798222,0.20913331,0.31154153,-0.079198465,0.30960333
0.13578203,-2.3384988,-0.059947867,0.07449042,-1.1171,1.8477046,-0.06176642,-0.1369572
0.34277365,0.684135,0.21608025,-0.02786234,0.1660395,-1.0401884,0.06313888,0.11608474
-0.19044326,0.6177521,0.07650311,-0.16109423,-0.25420198,-1.4567217,0.47107476,-0.21273611
-0.1368547,0.29702005,0.058331426,-0.07306829,-0.34530923,0.115069814,-0.23565984,0.26628733
-0.18333453,-2.012076,0.103574105,-0.17702322,0.1264534,0.13935776,-0.26381037,-0.6633889
-0.29106236,-2.336357,-0.23143841,-0.1683222,-0.4949509,-1.6768422,-0.23667365,-0.34595573
-0.12041123,-1.3755713,-0.26420254,-0.068980806,-0.76608104,-0.35048038,-0.3193548,-0.19408138
-0.051810574,-0.21140063,-0.08407493,-0.26143652,-0.2380984,2.5521698,0.2504402,0.06225803
-0.07289474,1.9065818,0.1388668,-0.018534226,0.24408887,0.20887159,1.1053463,0.24879777
-0.56657,0.70273954,-0.28018162,0.05279617,0.15998401,-1.2553867,-0.3114627,-0.26728576
-0.24153134,-0.32725245,-0.34202394,0.03916882,0.07145656,-2.4130425,0.07352335,-0.33128002
-0.2794839,-2.03213,0.11944952,-0.016863778,0.08420727,-0.86832196,-0.29803562,-0.18010488
-0.21943705,-1.8613647,0.17263344,-0.054286458,0.19169259,0.2951768,0.78458166,-0.44104177
-0.32060122,-0.3249937,-0.29154077,0.04328865,0.21420473,-0.6657826,0.44866633,-0.5230253
-0.22861215,-1.121066,-0.24833377,-0.027704451,0.06446791,-2.21936,-0.13587527,-0.22881311
-0.05357599,0.19647942,-0.26833013,-0.11049456,0.22201928,-0.5373267,-0.26063976,0.06173171
-0.1695393,-2.212486,-0.26017046,0.1176132,-0.74865067,0.02232058,-0.4046413,-0.21289897
0.11899619,-0.9155257,0.20450039,0.13050553,0.05175601,0.29021996,-0.20809662,-0.30245098
-0.10276795,2.8296812,0.07937968,0.13886951,0.35213426,0.038539328,-0.33835456,-0.30285028
0.77173626,1.4385042,0.14292172,-0.06331385,-0.2571516,0.14674224,0.579465,0.6648224
-0.20340179,-1.9832087,-0.016029749,0.08930143,-0.4885573,0.13457142,-0.49442455,-0.17539729
-0.17583436,-2.8657236,0.20010124,-0.13063769,0.18954392,0.09455384,-0.28081268,-0.32987246
0.3158968,2.096264,0.0124049615,0.087411046,0.22672215,0.19190812,0.35836613,-0.0066754217
-0.038703185,0.686777,-0.37237534,-0.042357128,0.19436604,0.32551506,0.31212297,0.16875136
-0.17622732,-0.20944245,0.0006775886,-0.038265914,0.25212026,0.22590488,-0.2879302,0.39195096
-0.18297705,-2.8331628,-0.11998043,-0.17185962,0.17314595,0.09567602,0.21820071,-0.34609687
-0.16313523,-1.3158659,-0.3744918,-0.15394521,0.12618831,-0.27959839,-0.15334314,-0.6771903
0.019156601,-1.2087827,0.006386393,-0.05623696,-0.34356326,-1.0532627,-0.27937686,-0.12940046
-0.04969738,1.592172,-0.019881155,-0.30774474,-0.50773984,1.8067808,0.6958391,0.13375965
-0.186369,-0.5825486,0.21671233,0.15468575,0.19567697,0.19468535,-0.16720033,-0.64260453
-0.15965739,-0.6613145,0.020660013,-0.005169833,-0.43273067,0.15676713,-0.28081197,-0.37696093
-0.22306627,-0.22892086,0.055749077,-0.04137169,0.15200813,-1.1892332,-0.35515895,-0.4996299
-0.11793043,-0.57678235,-0.019052532,0.04067578,0.18220216,0.18903707,-0.2607835,-0.5706859
-0.11108719,-1.7256413,0.020615013,0.17223513,-0.22863443,2.9823444,0.31837907,-0.036187924
-0.12884071,-0.4343781,0.11544954,-0.01305253,0.21997757,0.52571094,-0.0699574,0.12085179
-0.15457094,-0.4673773,-0.22907113,0.08475617,-0.59249806,0.21421106,-0.28486773,-0.4461059
-0.10946895,-0.27862918,-0.12276287,-0.03853397,0.25349998,0.35319257,-0.086602286,0.6597101
-0.0007497823,-0.36156958,0.09205801,-0.025594074,0.19857219,0.05161485,0.63538414,0.40439358
-0.2961718,2.378334,0.12793499,-0.12536052,0.31008703,-0.15344541,0.06135192,0.31475377
0.70393056,-0.2987537,-0.083800234,-0.027327877,0.21489486,0.4560788,0.4320052,0.61213064
-0.06805342,2.9203875,0.12906367,0.11304602,0.09230349,0.18530637,0.18865731,0.15319334
0.23949876,-2.2059586,0.0017486715,0.16261193,0.21638484,-0.013037704,-0.34226152,0.15952137
-0.23953994,-1.2683861,0.09725371,-0.09249659,-0.4037266,-1.7116634,0.12834188,-0.1605849
-0.20627756,-0.054577596,-0.08361519,-0.06608037,0.22147076,0.26446545,-1.1477752,0.3455664
0.0039723413,-0.8796646,0.10368044,-0.08527302,-0.4170182,0.16095106,0.22121592,-0.2450539
-0.1364111,-1.3615295,-0.384324,-0.21106228,-0.22841276,-0.47216156,0.32162133,-0.51561075
-0.14551269,0.007962903,0.0331909,-0.03768681,0.20757483,0.39206207,0.35498977,-0.11279616
-0.19365282,-0.8868066,0.063845165,-0.05856935,-0.32003012,0.055671696,-0.89751077,-0.26687887
0.13725476,-0.116841525,0.057455596,-0.04117634,0.1277802,-2.2637153,0.062812224,0.5393493
-0.10306533,-0.65506995,0.016806893,-0.01766929,0.24945167,0.12733823,-0.33894,0.29768386
-0.1961948,-0.65730655,-0.31254345,-0.067596056,-0.75959986,0.1858473,-0.42783105,-0.3953757
0.4200102,-0.2586137,0.09078229,-0.021632776,0.2594473,0.4392162,-0.16026253,0.59951216
-0.1572643,0.16752142,0.031709798,0.026728418,-0.4603894,0.08934174,-0.22899225,-0.40788487
-0.1380718,-0.8908936,-0.0019641258,-0.18241587,0.13251978,0.27588362,0.26473588,-0.65575993
0.44447824,-2.7558365,0.023350576,0.16011426,0.20776162,0.2726619,-1.1467648,0.3268081
-0.17062025,-0.71358216,0.13956842,0.07715878,-0.19569923,0.3036862,-0.20220819,0.28322887
-0.2473254,0.46793005,-0.02406886,-0.04973248,0.21454316,0.09317434,-0.46966848,-0.37928873
-0.19253859,-1.9865514,0.12024844,-0.2798954,0.08390346,-0.40843275,-1.0442674,-0.6075413
-0.25739652,0.5696974,-0.040459476,-0.17431666,-0.3537407,0.28625804,0.022144012,-0.4167585
0.12357225,-0.76058865,0.17436065,-0.028381445,0.11584839,-2.3626056,-0.09079675,0.08816658
0.59448546,1.3428725,-0.0078119817,-0.07856167,0.261437,0.20618252,1.265895,0.29067576
-0.32143992,0.06354119,-0.0063222973,0.13284537,-0.60299015,0.01816103,0.35564852,-0.29435477
0.1920892,2.5222611,0.0012178812,-0.040650245,0.25720167,1.5008423,0.27562866,0.41663846
0.16105077,0.49167976,-0.08459644,0.10981729,0.24123423,2.3076007,0.26596385,-0.11065735
-0.20954311,-1.3796093,-0.26427397,-0.2562544,-0.18640691,-1.5022825,0.18678671,-0.3308449
-0.35294506,-0.8526649,-0.33181617,-0.1726054,0.03549642,-1.8235804,0.44105574,-0.43631124
-0.19206297,-1.9576572,0.031412493,-0.073955856,-0.58216715,-0.09930102,-0.3644044,-0.3118047
0.521819,1.8160592,0.13095015,0.027557528,-0.11626652,0.0782787,0.6384748,0.48874247
-0.048744563,0.33867472,-0.23739651,0.06490036,0.18161112,-0.3358154,-0.26474106,0.025399877
0.2460447,-0.8680871,-0.006149648,-0.02036284,-0.7353909,0.20600301,-0.633157,0.47045758
-0.042816177,-0.64534545,0.051009078,0.066736326,-0.35974333,0.5301076,-0.23863284,-0.39748168
-0.16497757,-0.8016476,0.1801792,-0.12442451,0.13205676,-0.10668308,-0.11654965,-0.663785
-0.135694,0.17319973,-0.17887323,-0.038334012,0.18786453,0.4890069,0.422531,0.20885056
-0.10526703,-0.4078476,0.07249848,-0.045358624,0.34089333,0.2557755,0.6846846,0.5967708
-0.1279247,0.7229382,0.099386565,-0.19444337,0.17133859,0.10590811,-0.25180548,-0.5006578
-0.12156181,-0.10505742,0.060553107,-0.02817149,0.19955593,0.007797354,0.40690327,0.31896958
-0.19520415,-0.5498405,0.081160836,-0.019470146,0.23732612,0.22353216,-0.10925742,0.015269226
-0.1619456,-0.57200813,-0.20613582,-0.035459425,-0.49435997,0.03128069,-0.21138561,0.049797516
-0.07094662,-0.6242172,0.17641582,-0.02945942,0.24490707,0.38063684,-0.33111984,0.35514954
-0.20440118,0.7300836,0.09396876,-0.0643884,0.21610446,0.23942393,0.49346077,0.061281092
-0.22647354,-2.023601,0.1613921,-0.12968656,0.15664378,-0.07565823,0.56345206,-0.443507
-0.20834869,-2.67354,-0.16798334,0.19078195,-0.42078015,0.51644504,0.59606105,-0.04741999
-0.16274826,-2.701398,0.08463823,-0.012016208,-0.9298809,-0.029563202,-0.3038833,0.1982098
0.42977536,2.164647,0.11054438,0.08151658,0.35005954,0.24343862,0.43211898,0.032904014
-0.14049913,-2.330588,0.05013407,-0.09967462,0.2384529,0.26536804,-0.31161445,0.4878604
-0.015501758,0.52585036,-0.30441284,0.5622203,0.24238105,2.8691764,0.19982934,-0.16913259
-0.114252865,0.2703063,0.02485403,-0.04329927,0.2462604,0.43146318,-0.7066748,0.4254296
-0.115749635,0.06821163,0.010084309,-0.03896395,0.21869725,0.25215337,0.4498354,0.15164317
-0.1405838,-2.1344762,0.0134159345,-0.102547064,0.100453645,-1.6847031,-1.058738,-0.01864598
-0.085439,-0.5463669,0.13565822,-0.16343567,-0.3549436,0.22716466,0.5741427,-0.58262664
-0.2427078,-0.3061721,0.065275654,0.021530543,-0.19427305,-0.28595963,-0.3431751,-0.36128515
-0.081923366,-2.6542168,-0.30232614,-0.118079394,0.14393546,-0.68591076,-0.22414264,-0.29330632
-0.03204276,0.15172453,0.06253067,-0.027491424,0.22511841,-0.6698452,-0.19449662,0.27370942
0.29554942,2.5384476,-0.022494344,-0.060808413,0.19145869,0.28282326,0.37681186,0.36151448
0.63241214,2.670657,-0.12466563,0.07742786,-0.13365352,0.18899052,0.19954306,0.0043905177
-0.16432805,0.3812933,-0.34010237,0.047025174,-0.5215777,0.52191156,1.3993098,0.2605763
1.0145286,-0.039677728,0.08910011,0.08506252,-0.039136987,0.22625624,0.6494797,0.59808123
-0.14084896,0.7448088,0.07238143,0.09865421,0.28206223,0.3135496,-0.023681547,-0.12483104
0.12098254,-0.7792351,0.2292655,0.040588215,0.07702822,-1.7441795,-0.6715038,-0.25794673
0.32786584,-0.36072144,0.06767853,-0.010683993,-0.96360195,0.27992725,-0.26333377,0.36002797
0.16729912,2.159513,0.035909444,-0.055195004,0.24175231,0.14944668,0.09609067,-0.063415416
0.27845573,0.56070644,0.05805458,-0.04335597,0.24671215,2.0650914,0.8101305,0.23653562
0.4277544,-2.203617,-0.228946,-0.09921596,0.10102465,-1.5400242,-0.1762176,0.2561225
-0.32226148,1.9513242,-0.118830316,0.055465974,-0.13756731,0.0014712233,0.05826311,0.08054987
-0.30421513,-1.0224794,-0.32533872,0.031382564,0.101709746,-1.6912836,-0.36955225,-0.2839769
0.16071025,-0.33520266,0.24787048,-0.20526795,0.7176063,-0.9415521,0.68249196,-0.008230234
-0.163351,-0.40172938,0.16442207,0.064027816,-0.22854193,0.21051648,0.7881358,-0.3539947
-0.20834611,0.33920017,-0.17876321,-0.06459766,-0.3562902,0.104577094,-0.93654925,-0.011880441
-0.22070609,-0.66989475,0.052720197,-0.43030235,0.102475904,0.14004286,0.43509322,-0.7456095
-0.24000783,0.5108992,-0.08553416,-0.03576047,0.22326465,0.071426734,-0.2960548,-0.19598062
-0.22587575,-0.3505895,0.114553615,-0.024051659,0.13407145,-0.66820216,0.50240785,0.35979015
-0.18791181,-1.1514158,0.13570508,-0.028632276,0.03508705,-1.4047868,-0.27364466,-0.13980198
-0.110360116,-0.8956994,0.07010255,0.019649556,0.095433526,0.21178798,-0.15402849,0.68288934
-0.036647424,-0.8352173,0.21862677,-0.06433023,0.11485062,-1.4710917,-0.1260244,-0.13482648
0.60991603,2.8621867,-0.0060009053,-0.06389204,-0.13010722,0.18849279,0.3510694,0.092621036
-0.15866083,2.2001846,-0.27232498,-0.026100192,0.24722156,0.28770322,-0.43290597,0.5478812
-0.13098359,-1.0684271,0.15529211,-0.19497015,-0.5772712,0.1358634,-0.33773157,-0.5496021
0.3795331,2.9017837,0.019489674,0.081402734,0.19964507,0.24103425,0.0390803,0.3585088
-0.2111387,-2.1657372,-0.3189611,-0.14417143,0.14704868,-0.36720693,-0.31110743,-0.35729983
-0.14140022,0.63033485,-0.14185534,-0.26592746,0.21448457,0.5347264,-0.033405717,-0.38582414
0.1956221,2.3150306,-0.1965602,-0.014597574,0.14345406,0.12209097,-0.12545112,0.18884426
-0.07978045,0.7698004,0.23013811,-0.12700465,0.22509602,0.80657387,0.07237859,-0.36804208
0.5050625,-0.35918677,0.057328258,0.11469768,0.25186622,0.35182253,-0.17057368,0.22746617
0.44828272,-0.06612422,0.05100183,0.083900936,-0.4315682,-0.030611811,0.56005037,-0.058490545
-0.20901015,-0.62060857,0.22022252,0.09012158,0.18054365,0.17275444,0.34723714,-0.36340892
-0.22007716,-0.037521772,0.00037571508,-0.073011555,-0.22395721,0.21951185,-0.10271281,0.29816985
-0.09519164,-1.0964717,0.075027384,-0.07136328,0.26492888,0.118974924,2.2902648,0.3360326
-0.13019826,-0.35322422,0.13812053,-0.009387468,0.2704222,0.29181832,-0.12300216,0.6270966
0.034414303,2.9227703,0.054948572,0.0010014195,-0.37815526,0.30873626,0.34417677,-0.16142708
-0.023370894,1.2221168,-0.052444246,-0.02468157,0.19292045,0.3316917,0.51808643,-0.5709671
0.038085204,-0.6633272,0.1903628,-0.048084266,0.11572389,-2.024319,-0.2105785,-0.076043785
0.2339261,-0.045035046,-0.347189,0.015970744,-0.022491585,-0.8166216,0.2695965,-0.16108245
-0.3449957,-0.8333312,0.12138885,-0.086716756,-0.62593627,-1.3779161,0.26085103,-0.15278636
-0.17994963,-2.1451137,-0.013542999,-0.20911565,-0.27968892,0.024977164,-1.1547127,-0.17312716
-0.021737536,-0.8623553,-0.045896437,-0.016233774,0.19041847,0.16637851,-0.31276712,-0.37295598
-0.088965826,2.53132,0.11378105,0.108838424,0.1960621,0.25820872,0.3626064,-0.18617576
-0.32856768,1.7914311,0.04145766,0.10707618,-0.47638997,0.11331517,-1.1972629,0.1473833
0.11141616,-0.50821996,0.064076535,-0.08999132,-0.74868304,0.45926523,-1.0996677,-0.3255966
-0.1647337,0.7734899,-0.11850541,0.028444754,0.24608833,0.6811499,0.36523345,-0.18731552
-0.041894022,0.41239935,0.014440078,0.11493755,-0.2517458,2.0049355,0.1705031,0.6009878
-0.2708024,-2.6148589,0.03896634,-0.1396765,0.094012775,-1.0827413,-0.036503963,-0.07368946
-0.1963605,-0.4455491,0.049969014,-0.009444965,0.24926296,0.16444246,-0.118924305,0.017806787
-0.13946752,-2.62982,-0.001568534,-0.19606484,-0.3552924,-0.1768639,-0.46395886,-0.23381282
-0.25932446,2.7995853,0.0940971,-0.031472094,0.22092983,0.6100741,0.11859731,-0.060935758
0.36334985,2.8287413,0.017886769,-0.009793689,0.22251353,0.24800311,0.3781558,0.51128036
-0.012859242,2.712113,-0.14781135,-0.15640315,0.14142902,0.8620321,0.36629847,-0.17776123
0.78501135,1.9135327,-0.010919385,-0.031981397,0.19369297,0.29829872,0.5214062,0.36673138
-0.20822458,-1.0014724,0.03986391,-0.019436251,0.04191836,-2.358619,0.14750677,-0.1997624
-0.21872212,-1.9483722,0.12603322,-0.20280498,0.10882965,-0.20026374,-0.38592625,-0.6540559
-0.23442078,-1.951005,0.06272254,0.23655,-0.53380954,0.04540771,-0.29853725,-0.3729555
0.2313378,0.84789205,-0.060472514,0.059691668,0.16217236,-1.1660695,0.035914883,-0.15242203
-0.14693245,-0.45884034,-0.19445466,-0.032634936,0.1785275,-0.66647506,1.2912189,0.36967
-0.14769933,0.653612,0.0060309363,0.04366266,0.14731053,0.01698857,-0.02624103,-0.021327175
0.64350134,1.9302123,0.0145853385,-0.23500128,0.10342207,0.20121859,0.7338564,0.45884818
0.34599912,-0.23310778,-0.051858325,-0.024140839,0.25729182,0.37670743,-0.1745209,0.6011583
-0.032041978,1.8648086,-0.12394862,0.03976839,-0.51764053,2.0291111,0.43691355,-0.09015136
0.43230504,-0.28246397,0.079878286,0.031050812,-0.28361085,0.10101866,-0.3147443,0.19969484
-0.22031295,-0.5982863,-0.031357445,-0.15404715,0.10542142,0.22035204,-0.7853171,-0.71384984
0.47366452,-0.9294578,-0.25634354,-0.04003419,0.25281742,0.34306422,-0.20816134,0.4622452
-0.180956,0.005085802,-0.02021297,-0.039445754,0.16420534,-0.28039494,-0.29338145,-0.38406354
-0.20442155,-1.9200317,0.0714586,-0.076423734,-0.37378812,-1.1049472,-0.32260218,-0.25738803
-0.01732231,-2.1353078,0.03611855,0.28717604,0.17934921,0.11900539,-0.3500202,-0.32899556
0.614875,-0.84405655,0.116086714,-0.09877685,0.07966357,-0.021371316,0.91246057,1.0409638
-0.20772612,-0.62495273,0.21958312,0.20305009,0.16374609,0.32293642,0.4389252,-0.4623027
-0.17987293,-0.6111164,-0.24074925,0.10689965,0.18677312,0.25913978,0.23943564,0.124160595
-0.20232001,-0.5216687,0.049420357,-0.062214546,0.13826627,-0.31502825,-1.011077,-0.43101108
-0.39161,3.6467018,0.05196001,-0.25280792,-0.22349003,-1.2270463,0.14916587,-0.33121678
0.45386395,1.3621497,0.03393156,-0.07845858,0.24999094,0.18515618,1.2433842,0.5884733
-0.065807074,2.9506817,-0.035032205,-0.26083514,0.3170804,0.06531112,-0.20295995,0.16254294
-0.12659459,0.6741547,0.12794717,-0.040059656,0.20345294,0.17841382,0.4787934,-0.16935784
-0.16701207,-1.2073083,0.10952256,0.17371495,0.18202402,0.22561991,0.20536256,-0.5787298
0.0070764543,0.33329636,-0.003169233,-0.30700144,0.16967234,0.2267497,-0.46253252,-0.24602053
-0.11798194,-0.27796406,0.13112266,-0.011181266,0.26494932,0.33124354,-0.22443761,0.37856925
-0.13357401,-0.9787399,0.003342781,-0.042159677,-1.1557068,0.25718474,0.69417197,0.6042889
-0.12973012,0.63669187,0.14915703,-0.051263854,0.20193732,0.3898506,0.46738225,-0.14871481
-0.1840931,0.12757158,0.20459151,0.020978237,0.17860013,0.24606489,0.37207177,-0.51207244
-0.18035996,-1.0560843,-0.25282577,0.031382564,0.088949285,-1.7107131,-0.93811256,-0.24653596
-0.071423724,0.95639014,0.23310466,-0.026566114,0.19791542,-0.2172686,-0.19142051,-0.14149737
0.29606134,-0.4573515,-0.011841977,0.110342465,0.31620938,1.2303592,0.08713268,0.028868904
-0.18430653,-0.57455623,0.21452358,0.041916598,-0.4840792,-1.166343,-0.27818987,-0.07386118
0.09934253,-0.6479181,0.033815537,-0.025451746,0.13450092,-1.9923006,-0.0928953,0.29549715
-0.17410071,-2.73114,-0.024458393,-0.20332816,-0.5284766,0.07723208,-0.3078101,-0.14443795
0.34915328,-0.7903541,0.046375096,-0.039028846,0.22823541,0.2709884,-0.32587358,0.7970569
-0.24850576,-0.84223324,0.1041706,-0.2628777,-0.9655852,0.12119922,0.4873527,-0.25182006
0.32089388,-1.0614496,-0.28681862,-0.015697822,0.092276305,-1.9690152,-0.25590867,0.1495924
-0.14521712,-0.81117815,0.15035129,-0.06842747,-0.18594703,-0.42234194,-0.18484749,-0.6275074
-0.16098756,-0.774594,0.059378773,-0.06031469,0.076961145,-2.052354,0.39195085,-0.09493847
-0.25729004,-0.83682626,0.23590061,-0.21143064,-0.47872147,-1.442099,0.32428414,-0.46972466
-0.093154185,0.7400826,0.14393628,-0.033902846,0.22757941,0.19318298,-0.054292135,-0.15200107
0.14177594,0.15423997,0.022982517,-0.0927628,-0.011905996,0.10622249,-0.45743212,0.15040907
0.20523798,0.12841098,-0.15481143,-0.30131012,0.23865728,0.38984233,-0.15797363,0.029803907
0.3302339,2.0605848,0.015687576,-0.03586822,0.23688091,0.27014202,-0.30022764,0.61213434
-0.10547599,-0.3369888,0.09994216,-0.027235504,0.20723692,-0.42365578,0.039434012,0.94426334
0.19668803,0.40345165,-0.009107746,-0.108010046,0.13552563,-1.8171175,0.109728426,0.55587655
-0.33369252,1.0026159,-0.09888624,0.054334614,-0.7112846,-0.04045197,0.13280633,-0.106941044
-0.16152446,-0.31893116,-0.0336299,0.107013255,-0.40847757,2.5080688,0.5893718,0.05259304
0.050826505,-1.3118865,-0.3543373,-0.05730359,-0.494572,-1.4317791,-0.19324829,-0.17144486
-0.22013775,-0.33241078,0.077126265,-0.018458787,-0.8873168,0.15444799,-0.35751852,0.3617962
0.0536994,-2.8382742,0.09445422,-0.14894967,-0.26979756,0.14031799,-0.2830347,-0.14035256
-0.039973218,-0.31937766,0.18882068,0.006004984,-0.27111736,0.25968537,0.8039802,-0.16331339
-0.1827839,0.11908287,0.036500208,0.09145629,0.1792836,0.7024159,1.2703764,0.26081178
-0.19547856,0.31925398,0.07971219,0.46849203,0.15843283,0.34350383,0.36060718,-0.41798222
-0.22266419,2.0195305,-0.060223643,-0.035437122,0.15612713,-2.068109,-0.1705277,-0.756922
-0.22475676,0.2559727,0.05501239,-9.250827e-05,-0.13058406,0.09894536,0.46487966,-0.16574226
-0.09372839,0.70297575,0.23793305,0.08558502,-0.30669606,-0.05565379,-0.01524365,-0.033378284
-0.13595451,-0.2739542,-0.06671256,0.00076131336,-0.49999976,0.2145396,0.43680036,-0.6285288
0.24821505,-0.87572235,0.02434926,0.008167529,0.18629943,0.13071428,-0.19984785,0.8133498
0.4732272,-0.87379575,0.18162972,-0.061489586,0.07446445,-2.070151,0.46388265,-0.18077624
0.028412398,2.3950255,0.16329826,-0.022856535,0.15199743,0.2910704,0.4858706,0.17876877
-0.12455088,0.89436513,-0.12346537,0.12846498,0.25314614,0.31391558,0.08603747,-0.15018749
-0.17326312,-2.6273706,0.15466012,0.06397425,-0.7799748,0.03881654,-1.0390341,0.07096976
-0.15894291,-0.20970191,-0.31959116,-0.024735294,0.24015824,2.9262826,0.16374964,-0.03257882
0.18570186,0.97657794,0.04756994,-0.029867295,0.15676948,-1.4389274,-0.34501997,-0.033670336
-0.1359047,-0.43783432,0.023540165,-0.019465309,-0.5058909,0.05922594,-0.42254865,0.10293462
0.5351687,2.5606625,0.08434565,-0.019969163,0.16974787,-0.943083,-0.17396341,0.5900929
-0.3939216,0.35829794,0.10389879,-0.28789377,0.12008235,-1.4652313,-0.7872759,-0.3413067
-0.09204489,0.18726666,0.0066107395,-0.11017816,0.1818937,0.36423862,1.3077804,-0.25829783
-0.25569114,-0.55062836,-0.017340012,-0.1027849,-0.47912,0.35089952,0.41908196,0.11979675
-0.10773097,-2.3493235,0.10845823,-0.10075638,0.13987996,-1.4562755,-0.27942914,0.17672966
-0.06743255,-0.8776011,0.15047352,0.12360561,0.2011524,0.3017091,0.3382092,-0.4136508
-0.06670342,2.5024095,0.027298478,-0.03949646,-0.30829167,-0.7257774,0.19166058,0.040154018
-0.15272665,-0.5031995,-0.30628714,-0.12442109,-0.3111293,-0.17081892,0.2804806,-0.31312847
0.40675375,-0.29388177,0.059210435,0.05181666,0.18681489,0.38940206,0.60560155,0.7835972
-0.16881298,-0.59899676,0.017405929,0.010060622,-0.3902873,0.15301418,-0.38012877,-0.33852223
0.09642883,-1.1744474,0.06740454,-0.018625619,-0.6393994,-1.6451164,-0.24221845,0.011704564
-0.014807081,3.1585922,0.059222933,-0.029250322,0.15003626,0.17804784,0.09648615,0.12821607
-0.1497872,-0.49410754,0.18143769,0.054892384,0.21664418,0.025808481,-0.91198766,-0.32242593
-0.034924254,3.5247731,-0.0219397,-0.03822432,0.14009264,-1.0243804,0.29719055,0.11926075
-0.15129839,-0.11990793,-0.24398908,-0.09062667,-0.3668171,-0.5840156,0.3415601,0.19873108
-0.15322183,-0.559215,0.041739687,0.0084010875,0.203717,0.2796971,-0.30991107,-0.36422676
0.091462255,-0.035456564,0.20920524,-0.028390706,0.19042368,-0.110888846,-0.10642952,0.47235343
0.57495964,0.82188225,-0.062245287,0.049212262,-0.2922026,-0.60620874,0.6429532,0.39862537
-0.18108794,-0.6363276,-0.006866151,0.17053324,0.18615161,0.10924849,-0.9141165,-0.51391345
-0.4895075,1.8292892,0.18996984,-0.14567849,0.09784394,-1.0641083,-1.1507076,-0.4729475
-0.1401407,-0.44715315,0.17604983,0.12148417,0.28224334,0.32588357,0.490836,0.10554387
-0.097933315,2.0434406,0.016184239,-0.051521946,0.124720894,-0.16459505,-0.42957515,-0.18926471
-0.13956003,-0.6389177,0.05140864,0.04643073,-0.08185547,2.7527308,0.07641526,-0.15809971
-0.14578098,-0.65466684,0.064013116,0.007806232,-1.1527575,0.24672349,-1.2430284,0.21038692
0.39857578,-0.81068516,0.17767817,-0.06559209,0.07258692,-2.3245006,-0.6375137,0.44046703
-0.20499285,-2.0898325,-0.31670573,-0.22298445,-0.8797481,0.06309085,-0.4795151,-0.21313328
-0.08102699,2.3939905,0.10873465,-0.030273018,0.25174668,0.6774908,-0.17506143,0.2197571
0.31880155,-1.1643531,0.018327653,-0.033279445,0.114450626,-1.8401113,-0.20619887,0.39956388
-0.2849915,-1.1244862,-0.4056478,-0.034713324,-0.52404535,-1.3375022,-0.1438994,-0.17167494
-0.07097383,1.9376487,-0.043758046,0.08219454,-0.12971497,2.171121,0.26037705,-0.007786799
-0.05016704,-0.24264865,0.10812672,-0.02011592,0.20917207,0.37724134,0.5048275,0.8666319
-0.14803877,-0.2058615,0.07186484,-0.018087719,0.2543668,0.37887415,-0.056053717,0.9573519
0.7993007,0.19974029,0.067421965,0.10315339,0.19640324,0.27868652,0.5466273,0.28796694
0.36759645,2.4210832,-0.0032851691,-0.032084484,0.19483773,0.2810569,-0.0840457,0.32664198
-0.2723975,0.0002951366,0.20960265,-0.20110312,-0.2852806,-1.5655879,0.013701266,-0.33855855
-0.19753943,-1.060469,0.012841411,-0.010567415,-0.9224165,-1.6921932,0.2802669,0.035718463
-0.20612599,-0.5388966,-0.028429491,0.12919609,0.20447394,0.21839361,-0.13872112,-0.5970083
-0.2573833,-0.32813743,-0.1049669,-0.01072234,0.22454803,0.25596166,-0.27781993,0.32574442
0.12009538,-1.2624439,0.052889552,-0.025524769,0.20630464,0.057597466,-0.25620687,0.2551748
0.21804091,-0.057657555,-0.051476248,-0.01870477,-0.70532453,0.0102385525,-0.2066279,0.6741349
-0.3860179,0.5048963,-0.16800979,-0.22963789,-0.25487688,-0.84516597,0.34625283,-0.34298432
0.11601995,-0.704495,0.19697015,0.04119473,0.10262712,-1.258929,-0.3404798,-0.2939742
0.12736925,-1.1921381,0.17377117,0.03990605,-0.46580908,-1.5393672,-0.16194202,-0.11762961
-0.10846719,-0.27648225,0.10390571,0.102110945,0.2637711,0.16658226,-0.11475418,0.3307942
-0.13982011,-1.9869422,-0.010413749,-0.088759385,0.23635983,0.37374753,-0.3805599,-0.015125731
-0.13828704,0.5077493,-0.07923174,-0.039710104,0.21827021,0.28506842,-0.26050347,-0.03172315
-0.09565262,-2.5985827,0.14184028,-0.14039184,0.19380523,0.14902978,-0.2859087,0.95659274
-0.27604726,-2.0804949,0.16691397,-0.18273003,-0.14417075,-0.47187644,0.06972842,-0.28230917
-0.15745972,-2.3042178,-0.019206718,-0.026584893,0.18271929,0.5421029,0.22093026,-0.38343954
0.60865706,1.8886449,-0.039191645,-0.038181156,0.23799141,0.3119717,-0.27641413,0.53651494
-0.19152156,-0.17728227,-0.01288891,0.12196608,0.2620056,0.43637747,0.4825447,-0.22104105
0.4225876,0.23600356,0.090514265,-0.029884411,0.20208095,0.2632758,0.58539355,0.7047451
0.23509926,-1.7306352,-0.024078963,0.0792354,-1.329196,-0.037288927,-0.33833498,0.6918093
-0.1276453,3.0468516,-0.0018046749,0.05550264,-0.15450229,0.27503338,0.30749595,0.10978852
-0.3348413,3.0143144,0.054342665,0.007164914,-0.185399,0.12689745,0.35709807,0.1423052
-0.33654022,0.93399185,0.070162825,-0.035053987,0.19795364,-0.31814688,-0.35834444,-0.92662084
-0.2369732,-0.8014121,-0.4739258,0.030294701,0.19310373,0.21256864,-0.43198657,-0.19309592
0.0068264306,0.7533661,0.0023026394,-0.029309137,0.19479942,0.111796886,0.44633272,-0.14670809
-0.1663467,0.48564118,0.016961664,-0.041966073,-0.40743816,0.048408855,0.04659221,-0.0052320375
-0.21803494,-1.3942999,-0.22154076,-0.07351604,-0.68939394,0.14554462,-0.08454033,0.116334066
-0.1665865,-0.34768036,0.21431118,-0.036882527,0.22954783,-0.18291065,-0.08390157,0.0051089227
-0.17058696,-0.9162581,0.19483769,-0.21467428,0.03435221,-2.173235,-0.18395603,-0.45492604
-0.1768546,-1.9912792,0.059955914,-0.1832964,-0.44353896,-0.25580877,-0.30318552,-0.36413062
-0.14230962,0.2389002,-0.18424296,-0.074559286,0.21784157,0.48516873,-0.05651631,0.86014324
-0.054367065,2.5598965,0.06446343,0.5062171,-0.29488334,0.13519171,-0.8314821,0.074479185
-0.051139656,-0.47531554,0.09834335,-0.20280436,-0.30110532,0.24971251,-0.3444388,-0.60091496
0.03824957,-2.3245993,0.14930087,-0.22339666,-0.55151343,0.13991952,0.11718229,-0.26878688
-0.17669041,-0.9171338,-0.2566567,0.04773783,-0.51152587,0.14447306,-0.41512913,-0.24887247
-0.23703745,-0.6957913,-0.07513412,-0.004185096,0.23455036,0.27531743,0.56383896,-0.27451515
0.46584755,0.4816275,0.05679342,0.07250117,-0.198025,0.16576976,0.62750256,0.25653145
-0.114303336,-1.0144612,0.21763375,-0.12543875,-0.27727693,-1.2474699,-0.1581284,-0.36365634
-0.1602338,-2.2767427,-0.2547368,0.21857347,-0.6076301,0.17347756,0.2649858,-0.19301477
-0.11048262,1.1825668,-0.0059149577,-0.031832702,0.31173715,1.9919336,0.062256247,0.11816381
0.04196241,-1.2923979,-0.45699424,0.023272594,-0.83383673,0.45024508,0.4731819,0.1620891
-0.2222536,-0.43474704,0.12996227,0.028512295,-0.19401138,0.21033691,0.7016588,-0.4556682
-0.1742985,-0.9177441,0.0734323,-0.12928998,0.026993006,-2.2115111,-0.19360343,-0.45492604
-0.37959883,-0.9124803,-0.3308564,-0.23719268,0.0068087373,-1.7330661,0.37603745,-0.44472528
-0.29427668,-1.2000304,0.15165329,-0.050598077,-0.49897957,-1.3806901,2.0366094,-0.0438155
-0.31670487,-0.35033298,0.16301246,0.03102768,-0.17957598,-1.5783998,-0.23604491,-0.18889382
-0.31419986,-0.5419384,-0.27949023,-0.07519187,-0.27787492,-1.8040898,-0.34176493,-0.17803226
-0.13119105,-0.20934673,0.047092427,-0.017206615,0.23910323,0.40077037,0.38548967,0.41046348
0.2644421,-0.8363996,-0.31039438,0.07140681,0.23299208,0.30774584,-0.23393658,0.69969475
-0.18069248,0.49731758,0.1231202,-0.08861658,-0.22356865,0.35674125,0.1491026,0.3393625
-0.095604226,-0.81098855,-0.0010060822,-0.016627504,-0.5015602,0.22687304,0.65081054,-0.07453367
-0.1536015,-0.8898519,0.090424225,-0.051683657,-0.26898366,0.3335141,-0.09269053,0.48605287
-0.12827486,1.8553059,0.017050335,-0.032021243,0.28632087,1.9415647,0.20865446,0.053021934
-0.4276348,0.00791635,0.19815226,-0.22317868,-0.37601516,-1.5043508,0.036034167,-0.45488128
0.08526158,-0.6308446,0.19385594,-0.029229183,-0.39515966,-1.9807843,-0.098812215,0.119216345
-0.30099002,1.5258905,0.05640288,-0.036748536,0.23752634,0.25841922,0.519533,0.21477441
-0.17184705,-0.3875835,-0.27805728,-0.116503105,-0.42809552,-0.5077364,-0.5215336,-0.40135127
0.20368296,-1.2288365,-0.32118836,0.044000786,-0.18452643,-1.6572455,0.59015465,0.047780152
0.012712543,0.3576769,0.22185037,0.19456047,0.21740206,0.3220164,-0.3495079,-0.3698047
0.08695881,-2.2963495,0.1533486,-0.13095513,0.09029483,-1.5624433,-0.2077733,-0.2075913
-0.1179536,3.1230435,0.02330388,0.029955713,0.1497711,0.0056753745,-0.15346935,-0.112571016
-0.13673176,-0.9783095,0.16589698,-0.018923204,0.23233613,0.3078145,-0.3448577,0.3329182
0.0649302,0.4832811,-0.13735843,-0.025379298,0.16150461,-1.3639851,-0.88108087,0.31729624
-0.106648624,0.52390975,0.02120075,-0.004282643,-0.504937,0.16133957,-0.38819188,0.06261007
0.42770967,-2.8606126,0.03898062,-0.07346477,0.1714472,0.25396162,-0.40528446,0.17652613
-0.17094614,2.3189154,0.052485377,-0.030592382,0.19217351,0.1179837,0.096920714,0.3509699
-0.22251363,-0.7904355,-0.011320153,0.10320739,0.21682884,0.4038716,0.3962536,-0.4715256
-0.13219096,-0.08545898,0.18688956,-0.02571993,0.23427871,0.08043498,-0.047237866,0.9545104
-0.20412123,-0.94453406,0.20602512,-0.046438333,0.08826327,-2.2934592,-0.12198894,-0.20334566
0.61067396,2.8565314,-0.0122865345,-0.038711816,0.09166387,-1.1233857,0.7579417,0.07868425
-0.11294973,2.7916312,0.035955805,0.39667225,-0.47329476,0.44731644,0.2699781,0.063267544
-0.19241463,-0.6396885,-0.19191028,0.08453309,0.20342605,0.2077594,0.64861155,-0.34726772
-0.21151744,-0.69326276,0.09484588,0.00981217,0.15330459,0.2498057,0.37938425,-0.38479024
-0.27453458,0.3221291,-0.08456435,-0.12478958,-0.67971957,0.57819366,0.23693673,-0.4227971
-0.47458076,0.5103154,0.00049413554,-0.105726235,-0.60276264,-1.2912585,-0.22225802,-0.19913356
-0.13042621,0.8098767,-0.03187512,0.21554342,0.2509712,0.48949105,0.5360734,-0.20558856
-0.09603507,2.9562283,-0.06857755,0.07106401,-0.3009709,0.22332495,-0.044422377,-0.26184678
-0.266497,-0.93126273,0.087629154,-0.15372212,0.12219545,-0.5783808,0.48769584,-0.7472943
-0.084289156,0.5276587,0.021669205,0.12461241,0.2243883,0.11673465,0.42311656,-0.0050279694
-0.30283067,-2.1506934,0.044550713,-0.098028734,0.0712012,-2.007305,-0.014458878,-0.22285129
0.12309943,-0.23529243,0.16111916,-0.07568128,-0.19017819,-1.3539534,-0.29926345,-0.16828756
-0.12412909,-0.58270055,-0.14033872,0.08822024,0.11094315,0.88518745,0.0012610974,-0.39823034
-0.19850923,-1.5759346,0.09658143,-0.20871629,-0.49181533,-1.2837353,0.11278516,-0.3009797
0.07853858,-1.121099,0.23612477,0.11727739,-0.5432745,0.24201089,-0.020963013,-0.28210875
-0.19670607,-0.6112326,0.094887055,-0.1707074,0.15493265,0.106628045,-0.069685385,-0.75984615
0.55735916,0.35393646,0.072092354,0.059541192,-0.4824624,0.4464173,0.6311171,-0.069034375
-0.15691705,3.2144508,0.020326039,0.054836273,-0.07866233,0.15737303,0.17308025,0.07920351
-0.034959078,-1.5498481,0.11051781,-0.0839716,0.18410859,0.2059077,-0.25375342,-0.37592584
-0.107855745,2.888894,0.15916285,-0.023685055,0.36390555,0.2300172,-0.083442494,0.0038191234
-0.14639568,0.67441463,-0.42388594,0.55525386,0.22704378,0.13328573,-0.39079446,-0.25152114
-0.059958376,-0.6797452,0.1440252,0.006117363,0.3830059,0.23654698,-0.18518884,0.94306165
-0.20408453,-1.3027692,0.16408327,0.040292345,0.07917292,-1.846002,-0.85831785,-0.2661711
-0.09595189,-2.268987,0.026489113,-0.2560888,-0.6440632,0.13575602,0.017947745,0.1748308
-0.24313258,-2.3410234,0.008064747,-0.4031248,-0.6680415,0.018820783,0.14154872,-0.27419448
-0.18862967,0.4540609,0.024413425,-0.027002905,0.15445209,-1.4280474,-0.3621909,-0.03233776
-0.25069436,-1.3111559,0.06395743,-0.13406773,0.17643921,-1.7774644,0.98595804,0.14032976
-0.008512424,0.46667507,0.14848384,-0.040457502,0.26833412,0.6672073,-0.3425212,0.051083133
0.23775642,0.44803047,-0.04244101,0.103648886,0.23748921,0.14997749,-0.38029313,0.39878306
-0.098634854,0.7616277,0.07987215,-0.022974765,0.22220914,-0.08468844,0.06032467,-0.14649586
-0.28080243,-1.2021339,0.15607506,-0.2201599,0.022707393,-1.8440213,-0.668468,-0.4217001
-0.23981082,-0.5557226,-0.2206715,-0.049308036,0.1753469,0.32604596,0.52699333,0.24489032
-0.026001822,2.747858,-0.54217625,-0.060349584,0.13848856,0.2444508,0.032792248,0.31500372
-0.18827473,-2.4247844,0.05992839,-0.11807892,-0.54406697,0.13209581,-0.22658572,-0.19553001
-0.22540917,-0.47708356,0.12490619,-0.14531474,-0.3132952,0.112810925,-0.31199,-0.7374187
0.9184228,-0.27665162,0.13314392,-0.058353066,0.18821014,0.45894685,0.6070247,0.594262
-0.17640309,-0.20735571,0.20265745,-0.0764982,0.20924498,0.09193452,-0.10776238,0.17106226
-0.006300764,1.6039389,-0.033189483,-0.28526023,-0.61675906,0.8256101,-1.1132121,0.11361588
-0.32725146,-0.9362154,0.14515677,-0.10799569,-0.69712824,-1.4863935,0.15100761,-0.009976061
-0.035350405,-1.3210368,0.07148795,0.0067877425,-0.4192707,0.18153788,-0.32290202,-0.31484553
0.051237445,-0.61597484,0.1705717,0.14014484,-0.36921194,0.23982415,0.5614607,-0.11832348
0.0014397162,-0.44870135,0.020435065,0.017978948,-0.86974055,0.15341595,-0.42870393,-0.3477091
-0.26718715,-2.0185907,0.12670594,-0.24101724,-0.2565313,-1.720839,-0.30726755,-0.34488615
-0.10687317,0.64903194,0.23640724,0.07970514,0.1650217,-0.36662835,0.49246117,-0.19572128
-0.03764145,-1.734259,0.106399775,0.20457627,-0.15368842,0.3470852,-0.16828786,-0.3676562
-0.038002145,-0.69757277,0.164997,-0.019205503,0.068035215,-2.7354925,0.28957552,-0.2901869
-0.14310546,-1.0600439,-0.20332049,-0.09385893,-0.30099088,0.2520764,0.017183889,-0.5101031
0.21098419,2.1992743,0.17284933,-0.029564667,0.16275781,0.11034648,-0.28359565,0.013192173
-0.33041656,0.06180443,-0.09661374,-0.022011777,0.13931727,-1.7960647,0.2150688,-0.052476045
-0.16886349,-2.1736326,-0.019341169,-0.24619201,-0.8085892,0.07008213,-0.36288008,-0.3638115
0.45235813,0.32079032,-0.017329892,0.4573838,-0.21232654,0.16146591,0.41929337,0.79067755
0.22791873,0.56149876,-0.06239919,-0.0073311576,-0.976698,-1.4597647,-0.18476503,-0.637948
0.42190385,-0.6321987,0.15540296,-0.014677933,-0.6534764,-2.3159413,0.60028183,0.24285719
-0.26669624,-2.5464852,0.15161209,-0.10289417,0.082549036,-1.9499897,-0.24631691,-0.23442428
0.36821663,-2.6695442,0.05022248,0.16784583,-1.0218881,0.11578739,0.6952849,-0.021425541
-0.09933475,-2.0126498,0.034565486,-0.093165,0.20866072,-0.11721611,-0.27555785,0.18652375
0.29735917,-0.80881214,-0.60354203,-0.057380054,0.049420554,-2.3142984,0.11427925,-0.1511994
-0.14721808,-0.6720808,-0.2858106,-0.21384461,-0.36103716,-2.0979307,-0.12907106,-0.36485577
-0.047507394,-2.5318427,-0.26642647,-0.122217864,-0.20146866,-0.30496103,-0.2580709,-0.2386095
-0.04703777,-1.2491674,0.16901352,0.06477281,-0.24529666,0.21240038,0.34130433,-0.28248593
0.4853803,-0.08202135,0.113228716,-0.024470687,0.24406946,0.43726414,-0.33929974,0.34388062
-0.111197576,0.46688765,0.025150951,0.10123643,0.18190973,2.1473508,0.62215585,-0.12601091
-0.28338817,0.47550946,-0.07062948,0.063635714,0.20692195,0.104313016,0.25759292,-0.19137958
-0.08486682,0.5435334,0.125815,0.18864162,0.20008816,0.16312186,-0.52598643,-0.2571032
-0.03287395,-0.52750546,0.1884353,-0.11149802,0.18979672,0.21690142,-0.12655158,-0.65993977
0.34481362,0.07115013,-0.11517216,-0.02697805,0.19731441,-0.098186575,-0.4597175,0.555304
-0.16409229,-0.51873595,0.19149305,0.01921006,0.15587416,-0.15594117,-0.23725247,-0.64358026
-0.11964379,-0.10988679,0.036323246,-0.10119339,0.14038624,-0.930963,-0.08909713,0.28432152
-0.24672315,-0.7114699,0.058094606,0.1920791,0.20135383,0.31695092,0.7291759,0.10663737
0.3055691,-0.7826965,0.039532114,-0.024558112,-0.23749146,-1.962232,-0.13488701,0.29645455
0.30140552,-0.34712735,0.0053315964,-0.025901131,-0.8342626,-1.5129979,-0.40557352,-0.008017736
0.018200736,0.012682721,-0.05079664,-0.011373619,0.16352361,-0.36690262,-0.05468731,-0.13693994
-0.04736958,1.7298189,0.03808584,-0.050584517,-0.3985606,0.07876035,0.11060604,0.027956095
0.05365367,-0.3644507,-0.18117392,0.045333784,0.18832462,0.24073695,-0.28487673,-0.004047623
-0.19794497,-1.9834279,-0.3365006,-0.061511636,-0.84034973,-0.27712435,-0.36586812,-0.15637064
-0.06176881,-1.9838421,0.10208354,0.20660464,0.16070646,0.11017567,-0.3628705,-0.44124517
-0.11168501,0.37083122,0.16521688,-0.033991486,0.25953808,0.78237355,0.25333238,0.14301896
-0.0885529,0.6080534,0.13577144,0.14633575,-0.38989204,0.6460353,0.0224225,-0.34008434
-0.2638838,0.5850728,0.26665735,0.15108764,-0.53215116,0.30139068,0.53452885,-0.2836854
-0.09087345,1.3651818,-0.069575764,0.0045567695,-0.41228315,0.5380031,-0.66232544,-0.18504196
0.07499829,-1.2932279,0.19405924,-0.09791906,0.08849124,-1.1217659,-0.19535352,-0.12692387
0.51568294,3.10731,-0.038183358,-0.033768907,0.0786606,-1.258439,0.3174505,-0.9361912
-0.20462051,-2.4221227,0.09932663,-0.16945533,-0.6406362,0.19413674,0.113859415,-0.27895793
-0.17351542,-2.120875,-0.073709,-0.100041896,0.20663695,0.20991538,-0.37107536,0.46646243
-0.15772292,-1.1202595,-0.046454225,0.06717504,0.21223706,0.22766732,-0.9769552,0.3124198
-0.099583454,-0.046320856,0.17428565,-0.03729971,0.13641603,0.051899448,0.42768803,0.9015985
-0.15361702,-2.3452613,0.08060678,-0.038118295,0.17030834,0.19520944,-0.4517112,-0.42814472
-0.1869689,2.057417,-0.030935721,-0.037319314,0.18223403,-1.1441512,-0.17852259,-0.98634917
-0.11693317,-0.78018254,0.12711434,-0.028439544,0.12048134,-1.6684844,-0.19417351,-0.028780453
-0.21414529,-2.433851,0.094767235,-0.30723062,-0.5647003,0.0647787,0.059749596,-0.16889414
0.31910083,3.6276066,0.16804649,0.06934694,0.31852704,-0.9327711,-0.027482133,0.4302322
-0.05150797,-0.1384643,-0.0028534243,0.018488083,0.015969377,-0.21513912,0.37053126,0.07570647
-0.20412958,-0.6799625,-0.21731128,-0.06429741,-0.5067144,-1.4633961,-0.2561253,-0.2848916
-0.12978166,-2.144224,0.077938974,0.26264757,0.19827138,0.034646045,-0.30012673,-0.2589367
-0.16661857,-0.28975,0.05371025,0.056634694,0.23440893,0.2356779,0.47984433,0.6130036
0.15061852,-1.4305978,0.11806365,-0.052579965,-0.87324834,0.21917056,0.6560293,0.21771033
-0.036346268,-1.1966931,0.0012483005,0.04210592,0.22858255,0.15489562,-0.3550373,0.4701119
0.36695707,-2.7566836,0.13787773,-0.112666294,0.20572346,0.1611513,-0.29653203,0.09014513
0.08279397,2.337425,-0.013685565,0.02636691,-0.5190916,0.38379923,-0.22021094,0.18067259
-0.290121,0.02613374,-0.26335138,-0.18880405,0.11334564,-0.76283705,0.33397558,-0.5309597
-0.2163676,-1.9462641,-0.24690448,-0.17632122,-0.5286924,0.0878297,0.77629167,-0.47868466
0.26808268,-0.69343543,0.043155033,-0.028406013,0.10695282,-2.1186707,-0.11589366,-0.6321021
0.48462367,-1.6097918,0.12829886,0.16993044,0.20583926,0.13131627,-0.29679286,0.9593559
-0.3981716,0.3172119,0.20355384,-0.25306407,-0.34921864,-2.0079124,-0.22840716,-0.42526063
0.35997534,-1.923308,0.012235288,-0.10992966,0.115068346,-1.4577843,-0.34144935,0.17697199
-0.19042565,-2.1392555,0.1708565,0.0010147233,0.1265061,-0.5835281,0.19593698,-0.39200526
0.101598665,-1.3482764,-0.31881154,-0.05783612,-0.3349815,-1.0942655,-0.7330898,-0.38396773
-0.10126188,2.1981096,0.047529124,0.020017486,-0.49620676,0.08420233,-0.23248968,0.06047527
0.66084915,0.32135218,-0.08171905,0.078569524,0.24110581,0.46330222,0.51867235,0.59918267
0.3293171,-0.028146602,-0.020591827,-0.04433004,0.23041333,0.32759744,-0.17762007,0.8599228
0.4179675,-2.8939984,-0.25189114,-0.11393692,0.22188053,0.22814825,-0.47720394,0.38742378
-0.23835488,-0.2843612,-0.26668835,-0.11358719,-0.21420181,-2.531822,0.19102463,0.17041796
-0.214114,-2.2708154,0.096140504,0.16387512,-0.7751412,-1.0851016,-0.4840264,-0.11713846
-0.18626425,-0.6026165,0.0935055,0.06911892,0.23451023,0.16610359,-0.25068027,-0.47431165
-0.17744115,-0.54678446,0.09847481,-0.020570472,0.20691869,0.2684086,-0.37597126,-0.40036806
0.5411822,0.21013185,0.06239841,-0.057060994,0.20273103,0.36157924,0.3764996,0.68710804
-0.15396842,-0.12278609,-0.17777123,0.016728275,0.18655373,0.22382036,-0.86612403,-0.55118984
0.08108498,-2.2366788,-0.25749832,-0.23640794,0.039889418,-1.6795592,-0.22704364,-0.4373083
-0.24750492,-1.0842345,0.15995686,-0.07798378,-0.32448533,-1.8456821,-0.20911585,-0.3605245
0.12034136,-0.6353482,0.01988695,-0.096645705,-0.26156417,-1.1009384,-0.90563095,-0.4050721
-0.08429712,-0.6307182,0.11482662,0.037573226,0.046894193,0.15854867,-0.07883345,-0.62629795
-0.24113561,-0.69565463,0.16961749,-0.022643335,0.07546595,-2.2922735,0.28199673,0.0965479
-0.19487907,-0.5189182,-0.2960624,-0.14639996,-0.25081536,-0.19196095,0.4912029,-0.6443421
-0.12512094,-0.5616581,-0.019586746,0.011833052,0.16751316,0.8342953,0.5255215,-0.49039602
-0.23783639,-1.6980666,0.12945746,-0.2404688,-0.85854095,0.25483686,0.7686744,0.035106085
-0.1794187,-2.1112206,0.14869198,-0.10184767,0.182791,0.05104346,-0.25817952,0.25791124
-0.17740016,-2.0387602,-0.2695477,-0.041128308,-0.65020996,0.23249775,2.197642,-0.28772426
-0.1761383,0.30970293,0.11483184,0.029504953,0.2309101,0.23260564,-0.36512852,-0.4238988
-0.045864563,-0.64238644,-0.15682961,-0.027692098,0.18452731,-0.0963886,-0.41068134,0.7517285
-0.08782782,-2.0318623,-0.30199036,-0.114375785,0.14014505,-2.3495898,0.3944924,-0.008072539
-0.14307597,-0.34138083,0.06025792,0.12379407,-0.5530169,0.26536158,0.4092961,-0.5570386
-0.15288863,0.14683576,-0.33233356,0.5618211,0.22543219,0.40279397,0.39632854,0.18031976
0.6119438,-0.55470777,0.039681554,0.10414825,-0.0019308487,0.20872734,0.7560802,0.9137006
-0.17341377,0.23882017,0.11425438,-0.053559944,0.12763599,0.33290833,0.38613054,-0.26948342
0.5591717,-1.220019,0.004534876,0.22301672,0.24028087,0.30173922,0.95562464,0.8403112
-0.2059438,-1.9716232,-0.046665773,0.0054293377,-0.60834,0.06106305,-0.9336369,-0.206386
-0.19824472,-2.1349573,0.026290935,-0.17485057,-0.80057704,0.19728558,-0.34875733,0.01817639
0.48543516,3.0782459,-0.09919906,0.09453494,0.12638626,0.26470032,0.17621061,-0.10639089
-0.2971554,2.3112402,0.047696967,-0.0416576,-0.093426675,0.38196614,0.09861401,0.39157292
-0.2022555,0.12627508,0.020586893,-0.07170817,0.2406937,0.10601253,-1.0263784,-0.22685044
-0.18143168,1.5158601,0.09334874,-0.04078595,-1.420476,0.20318313,-0.41763353,0.24222589
-0.29294384,1.9226873,-0.72184306,-0.002463958,0.103681915,-0.7470303,0.008651992,-0.06341726
-0.2542923,-0.3165823,0.19044742,-0.1555151,0.15968329,-0.33198375,-0.26201582,-0.6926241
-0.1444036,-2.2917116,-0.011743177,-0.07641731,-0.042560734,0.1394411,0.1894785,-0.2812219
-0.26309568,-0.40015984,-0.28716138,-0.030056063,0.16967684,-0.32557967,-0.20114237,-0.14232029
-0.20435776,-2.1098895,0.077164374,-0.04560498,-0.2539349,-0.11087959,-0.2606449,-0.24952516
-0.12565064,-2.279174,0.13590692,-0.0073897047,-0.11351165,0.12734525,-0.29751593,-0.19029234
0.07376471,-0.82133216,0.17642249,0.018821858,-0.30742627,-1.8987416,-0.15412104,-0.055072866
-0.123711735,-1.1247817,0.073634736,0.041746575,0.21923806,0.13693061,-0.36899543,0.09835647
0.41756943,-0.35556367,0.06187178,-0.031640753,0.20181203,-0.12374592,-0.24170777,0.2009377
0.12330944,-0.64673024,0.0195773,0.08031437,0.25869,2.0633729,-0.018989166,0.24696918
0.33618724,-2.1315675,0.038808387,-0.12304003,0.19881853,0.28648797,-0.42326078,0.02336428
-0.13954708,-0.069612116,0.004392038,-0.05051147,0.23367938,0.18264537,-1.2541794,0.7656093
0.07385196,3.4950023,0.22007094,0.023031939,-0.19326904,0.25741792,0.26688945,0.018744644
-0.1564775,-2.0227184,0.0237358,0.12565966,-0.70128095,0.16899842,-0.3333271,-0.3875662
-0.19351973,-1.2583715,-0.35029617,-0.024575487,-0.92357713,-0.7965085,-0.18916827,0.19042116
-0.13729179,-2.2795432,0.06523956,-0.08772866,0.14886144,0.25838292,0.061629433,-0.39639363
-0.21640243,-1.2261226,-0.2844619,-0.2150363,-0.35940787,-1.3353177,0.5052603,-0.3222755
-0.12727067,-1.1984189,0.06929881,-0.06480948,-0.4552077,0.054001335,-0.26690817,-0.19258615
-0.13228346,-1.6104225,0.14538062,0.24201988,0.23959813,0.2901613,-1.232117,0.86696684
-0.07517236,0.17145252,0.032868326,-0.041757774,0.26248422,0.16550063,-0.035207275,0.03518748
-0.010843487,-0.219714,0.20230709,-0.010306719,0.28803402,0.3224993,-0.25664568,0.4172087
-0.090142325,-2.8416436,0.08662849,-0.106383726,0.21487302,0.21307443,-0.33567196,0.21012272
-0.20620818,-0.07968289,-0.40844074,0.03899202,0.08453341,-2.3644834,0.066414036,-0.2824715
-0.14121574,-0.6498115,-0.41395032,-0.03268678,-0.36679068,-0.3019808,-0.324637,-0.2655219
-0.17360036,-1.2677127,-0.30331498,-0.28943107,-0.17633852,0.0849746,-0.3860195,-0.6219306
-0.35487714,0.37458414,-0.085335135,-4.1220337e-05,-0.6705076,0.3330125,0.3076294,-0.41174778
-0.15376827,-0.7087174,-0.1799856,0.07261686,-1.1228352,0.18234505,-0.4987147,-0.3328462
-0.06293383,-0.9319844,-0.2472036,-0.06978837,0.099781305,-2.0913773,0.41087586,0.09093879
-0.19771504,-0.48442832,0.111884415,0.055725552,0.2097422,0.60812134,0.55613035,-0.43808421
0.13422269,-0.25963578,0.051086493,-0.0628674,0.1621516,-0.90637827,-0.25305906,-0.07766876
-0.04425009,2.6800861,0.025471715,-0.26051456,0.16748048,0.11593498,0.41534802,-0.025322966
-0.14140022,0.7450927,-0.11494823,0.50101066,0.23214716,0.49857193,-0.050853927,-0.25944844
-0.024295554,-0.91294116,-0.32174373,-0.06761512,0.108529694,-1.5840008,-0.23247264,-0.12578976
0.2118305,-0.7203098,0.026300227,-0.08487298,0.08900971,-1.9260628,0.032804687,-0.10419816
0.26905647,-0.8379984,0.013851864,-0.025885373,0.245789,-0.010962941,-0.61723036,0.5097112
0.73050576,-0.1684441,0.08546177,-0.021542793,-0.15009986,0.009612171,0.47673488,1.0121566
-0.27515963,-1.4957886,-0.29293558,-0.26549846,0.042378597,-2.1159008,-0.18047446,-0.43912497
0.48947352,0.4423897,0.14143866,-0.033303756,0.24419565,0.22494806,-0.31236696,0.38747692
-0.09263806,-1.0522965,0.14830263,-0.027661044,0.12934041,-1.7236049,-0.246907,-0.035645902
-0.073961064,1.8237283,-0.043099802,-0.06665641,0.3502433,0.2270617,0.018233476,0.40795124
-0.21253464,-2.5777974,0.13492863,-0.12796545,0.07466782,-1.8900907,-0.18713076,-0.20855097
0.44911167,-0.25694555,0.010184519,0.11764956,0.20409228,1.2301339,0.13818814,0.544751
-0.1800441,-0.68515503,-0.0020429334,-0.23448013,0.19939172,0.056433447,-0.389404,-0.6323664
-0.086125106,0.31656396,0.04015416,-0.051277336,0.22920038,0.26320344,0.021084156,0.7659537
-0.20868127,-1.3176255,-0.28996056,-0.12844364,-0.049221776,-0.33700672,0.41501123,-0.25836524
-0.2129405,-0.654908,0.10032969,0.20309925,-0.37827042,0.3056463,0.41366395,0.25900635
-0.07266541,2.9477353,0.022785164,-0.45417866,0.22839718,0.21607582,0.2921523,-0.3657377
-0.042351693,-2.696024,-0.052760016,-0.09836489,0.20239432,0.565703,-0.48928484,0.5847227
-0.2730332,-2.0766592,-0.25001442,-0.17439795,-0.24926876,-0.4374505,0.08359258,-0.23841417
-0.08420417,2.6163247,-0.027031587,-0.023374215,0.18896557,0.32573763,-0.864219,0.002107021
-0.30747733,-0.87896043,-0.31876907,0.009827071,-0.113286726,-1.8213537,-0.1586933,-0.21953815
-0.25209516,-0.62300134,-0.29851237,-0.08603071,0.08244584,-0.7791026,-0.0638773,-0.7695508
-0.09615897,-1.3957856,0.18310992,-0.030144088,0.10998825,-1.4073495,-0.36668375,-0.17353305
-0.1888474,-0.16400851,0.05133978,0.042588446,0.19977334,-0.2792988,-1.0046794,0.090860546
0.31025043,0.24700044,0.07267185,-0.03876011,0.2146431,0.17248166,0.371281,0.5945052
-0.10808863,2.7574294,0.1679205,-0.038861357,0.13615215,-0.307117,-0.06386768,0.15212402
-0.13866867,-0.5353948,-0.09351092,0.20400645,0.19968376,0.29530436,0.4317082,-0.4779097
-0.14001887,2.9367135,0.0527572,0.080839604,-0.24369603,0.24445172,0.6851814,-0.100261725
-0.28556308,-1.7980232,0.11347357,-0.0055311956,-0.021432145,-1.503779,-0.24632347,-0.16621996
-0.19240946,0.28560975,-0.044674452,0.07916831,-0.39222494,-0.055556413,-0.12927948,-0.27550644
-0.3110932,-0.75295097,0.21719708,-0.19994678,0.018871404,-1.4957829,-0.088199764,-0.4783954
-0.16041444,-1.0297004,-0.25746244,-0.12681513,0.20506018,0.07381739,-0.33028474,-0.7271393
-0.025785668,2.6483445,-0.0425576,-0.05288392,0.26770934,0.25388488,0.32918227,0.20126332
0.44161096,2.4096665,-0.06802063,0.046481308,-0.128384,0.1957388,0.3906726,0.24588172
-0.15689553,-0.7026796,0.13091636,-0.085978836,0.16338016,0.3305787,0.66183084,-0.39302307
0.4699528,0.5653753,0.017368065,-0.07935419,0.22608721,0.31296203,0.5801098,0.6544815
0.09542781,-1.027028,0.18103744,-0.030144088,0.10995969,-1.2298205,-0.28162712,-0.18700105
-0.18173373,-0.24507439,-0.36629528,-0.026575003,0.18935055,-0.25735074,-0.65435135,0.093321726
-0.19681245,-2.5082335,0.1177013,-0.12538971,0.15349145,-1.2447364,-0.2358495,-0.1121134
0.6167364,-0.25124797,0.12587519,-0.04802112,0.14829172,0.27254474,1.3072075,0.7914897
-0.038831312,-0.37857565,0.13071327,0.043639332,0.17106578,0.31904244,-0.08049802,-0.62924033
-0.20403102,-0.7104019,-0.14178425,0.03627579,0.22441576,0.026470294,-0.28137967,-0.37475267
-0.21079434,-1.176366,0.06818824,-0.07984717,0.07163046,-1.4733331,0.28804004,-0.12206638
-0.32913443,1.6551764,-0.61341995,-0.08170804,0.1693497,0.11271816,-1.5196341,0.30550915
-0.026996268,-1.4988825,0.11872818,-0.18656637,-0.27666646,0.66069555,-0.2588141,-0.4788575
-0.19629343,-0.5842299,0.13130966,0.05044327,0.18090554,0.14289615,-0.82399166,-0.5341363
-0.21856864,-2.0166357,0.02409733,0.13561942,-0.9362197,0.1900327,-0.35329714,-0.062281057
-0.2150881,-0.35741013,0.059722967,0.040986232,0.10382516,-1.7299492,-0.22414015,-0.28141904
-0.13167378,0.36743093,-0.015893253,0.038253557,0.20479713,0.34074554,-0.07241414,-0.4051709
-0.15646507,0.12668258,0.01707924,-0.051605012,0.22546251,0.21160533,-1.1235564,0.6803358
0.09174676,-1.515506,0.12534669,-0.16994439,0.044534378,-1.1739638,-0.79989946,-0.40446392
0.16434553,-0.1972174,0.15532206,-0.08256708,0.1388956,-0.33931962,0.49509352,0.1572459
-0.03989192,-0.85101724,-0.03255564,0.014217962,-0.47735944,0.18923919,-0.39378327,-0.5176564
-0.18165043,-0.9358895,-0.32687348,0.031941175,0.10639715,-1.5991101,-0.08387396,-0.3008724
-0.2846105,-0.09607874,0.08827061,-0.24810542,0.08868728,-0.47814533,-0.98061645,-0.5663435
0.51680416,-1.8365622,0.12653984,-0.0904031,0.10292821,-1.6238765,-0.3876889,0.15370002
0.34837973,-0.7477727,0.121810354,-0.029497042,0.23864086,0.39832765,-0.17770454,0.2591676
-0.12561399,-0.7730151,0.06807498,-0.029773172,0.21219225,-0.16148089,-1.021021,0.6753859
-0.20613867,-1.4595144,0.030964822,-0.18160985,-0.6302213,0.17233153,0.23513144,-0.33248785
0.49568236,-0.8630195,0.1243189,0.10503059,-0.28017116,0.29702905,0.78394306,0.58689344
-0.27635422,-0.7486195,0.006929339,-0.032573298,0.07904053,-1.4398009,-0.6845478,-0.072232254
-0.19500265,-0.5443028,0.027160868,-0.08539562,-0.07502882,-0.13543953,0.54691684,-0.28769213
-0.18421052,0.23042697,0.09965093,0.008069107,0.20934574,0.15319842,-0.34397143,-0.52851427
0.006924633,0.47156906,0.09566265,-0.028584965,0.20125695,-0.09047413,-0.35262758,0.61624914
-0.20508206,-1.97538,0.15293914,-0.101303354,0.19208053,0.06161183,-0.0031338434,0.27725986
-0.09569445,-0.6830329,0.21358058,-0.05302961,0.2054401,-0.30203986,0.6201088,-0.49300584
-0.21016906,1.1215574,-0.010191312,0.018542305,-0.4873452,-0.001853561,-0.45653394,-0.114527665
-0.30141407,3.239394,0.028889397,-0.11996015,0.3235337,-1.2583982,0.24177101,0.29620048
0.101517186,3.2296314,0.10947277,0.105294615,0.34065956,0.37579635,0.15555984,-0.10251009
0.48429745,0.20512205,0.04121441,0.05744629,0.21490844,-0.12464293,-0.09518202,0.42215124
-0.17569911,-0.8400173,-0.33894473,-0.14154543,0.024817398,-1.6654127,-0.06458685,-0.44472155
-0.28620476,-1.9210507,-0.2792942,-0.12982167,-0.2970468,-1.3647041,-0.35208496,-0.38312715
-0.1604224,-0.61746126,-0.2521056,0.039663706,-0.40672097,0.203961,-0.1610355,-0.37324938
-0.27539945,-0.56706756,0.0032872919,-0.00045902678,-0.95306206,0.09744023,-0.31055018,-0.24923001
-0.14217666,-0.67205894,-0.21095501,-0.032486867,0.16386823,-1.0213794,-0.086609915,-0.36683473
-0.18150856,-0.8546022,0.056963023,-0.16047394,0.1606051,0.12235258,-0.90562385,-0.5805921
-0.12990937,1.7064582,0.14740035,-0.053334694,-0.4634873,0.18205802,-0.23426801,-0.1159886
-0.18747224,-1.0474524,-0.35908383,0.04467651,-0.3480628,-1.8860341,-0.73384917,-0.14239603
-0.14377905,-0.49378902,0.060577404,0.14301257,-0.38230792,0.27098256,0.32855877,0.5231989
0.22317514,-0.1038257,-0.2144209,-0.04606974,0.21208115,0.011037217,-0.5871649,0.7267019
-0.04658388,-1.2670722,0.21274081,0.11368567,-0.5186499,0.22527412,2.3409834,-0.12163192
0.45878384,2.0753624,0.054499216,-0.039793745,0.20379332,-0.3598473,-0.29831144,0.6715407
-0.12440682,2.4206138,0.01082788,0.10999807,0.19527721,0.65161586,0.5519559,-0.1125829
0.29680628,2.6418228,-0.23239024,0.40414834,0.10869231,0.13779917,-0.17025514,0.512229
0.5711778,0.5793938,0.030709006,0.40719488,0.22884642,0.255067,0.42322445,0.2405904
-0.15022668,-0.1561625,-0.09764943,0.1310309,0.27755272,0.3539322,-0.23575002,0.6154512
-0.19365518,-0.750006,0.062043943,0.124286816,0.16707076,0.20137255,-0.3205665,-0.6646715
0.048519086,0.5196859,0.11825816,-0.062349774,0.18602303,0.3786365,-0.19618212,0.06955552
0.41405594,-0.2125843,0.18050282,-0.06111155,0.21246745,-0.053108763,-0.11028971,0.66154855
-0.12537503,-1.0987319,-0.21197125,-0.0040628035,0.3133161,0.28076485,-0.15484697,0.8731453
0.3905866,0.2081629,0.07553194,-0.11967706,-0.8238859,0.20776524,-0.61691695,0.43462336
-0.38993382,1.4913889,-0.012608953,-0.104113914,0.22568132,0.1555784,0.095267296,0.39098582
-0.2933164,-1.3654662,-0.31324643,-0.28232574,0.050830193,-1.6702454,0.13256513,-0.41308424
0.31342795,-2.2633767,-0.18566689,0.015929662,-0.99497646,0.10837699,-0.402855,0.6564138
-0.20160447,-0.5461923,-0.47523507,0.09670435,-0.4993263,1.8744075,-0.46368128,-0.43504637
0.3119579,-2.0357144,0.16737498,-0.089150876,0.15330617,0.23561607,0.27262843,-0.09127408
-0.18560813,2.7621405,0.07273596,-0.029217387,0.19918403,0.15000305,0.01953081,0.20861366
0.7356418,2.3186247,-0.07943689,-0.0401976,0.19041091,-0.85579836,-0.18110812,0.6081394
-0.002548078,-1.6845751,-0.19806096,-0.08145832,0.19416395,0.15368913,-0.23182338,-0.38113517
-0.14973488,-0.49299645,-0.088425376,-0.03842929,0.21286984,0.12885644,-0.3212933,-0.48994023
-0.21640986,-1.1477606,-0.30643383,-0.24625207,-0.4314427,-1.5908428,0.06588409,-0.44777358
-0.21686226,-2.5289009,-0.27870145,-0.20291725,-0.023437357,-0.8901809,-0.28488848,-0.0998799
-0.022412814,1.947613,-0.04194898,0.06777175,0.26652485,2.0757124,0.27780452,-0.012503633
-0.012889701,-1.1735005,0.20509239,0.046498258,-0.55788994,0.5719495,-0.29220268,-0.38068527
-0.191685,-0.08549527,0.113549374,-0.034573264,0.20281807,0.33426416,0.4188719,-0.37790024
-0.2468228,0.34836027,0.09226295,-0.038100008,0.19655484,0.35416818,0.26026043,-0.4854523
-0.23112594,0.08894952,0.011891314,-0.12642764,-0.5361099,0.21725363,0.20119087,-0.33144808
0.14691176,-0.08507526,0.17611279,0.04124242,0.11131741,-1.667128,-0.1477178,-0.22024755
-0.2690724,-0.56837654,-0.33320013,-0.025920182,0.1798324,-0.1782087,-0.27465206,0.1411733
-0.5165509,0.26697016,0.025609486,-0.19797581,0.074107826,-1.7495012,0.3081292,-0.37023783
-0.1583422,0.56360847,0.009016721,0.36186528,0.218177,2.0750225,0.31624502,0.48947278
0.5339564,-0.80148137,0.063696764,-0.08270976,0.064061955,-2.0730777,0.5033939,-0.1401565
0.32112208,1.7417481,-0.25803158,-0.043621898,0.2434645,0.25849137,-0.0059847822,0.5519957
-0.18274122,-0.63560826,0.10019959,0.11933402,-0.31939697,0.14314859,0.5998596,-0.42213613
0.30355853,0.46270534,0.040448397,0.40122792,0.22874106,0.26144528,0.07762294,0.73319
-0.22766656,-2.0851543,-0.2739557,-0.13674204,0.09643306,-1.4121106,-0.42340508,-0.22310357
0.3896772,0.27266586,-0.07010862,-0.023478653,-0.19584927,0.41352588,-0.22092928,0.7780319
-0.05239816,2.3449485,0.06462018,-0.022297867,0.13448326,-0.080260895,-0.14160334,0.23125677
-0.14409435,-1.2388341,0.16908744,0.040273797,0.09059555,-1.5337183,-0.23619808,-0.31844085
-0.23735988,-0.18761043,-0.18565404,-0.29535985,0.23360457,0.22185655,0.28552547,-0.24834216
-0.20320375,-0.5472656,0.10257337,-0.018591717,0.22329223,0.5008037,0.46771362,-0.4653197
-0.20336848,-0.7376735,0.007872166,-0.02452951,-0.30286032,0.14886577,-0.01747641,-0.5168623
-0.09742698,0.034615457,0.09899165,-0.0052726027,0.19467703,-0.31570613,0.3235806,0.86019313
-0.091365896,1.9867209,-0.106362775,-0.017827949,0.15237446,0.27635056,0.41532794,0.43772802
-0.10988309,0.21371761,0.096475355,-0.036598295,0.26044515,0.16242178,-0.28955945,0.49576402
-0.20221034,-0.48789293,0.08148156,0.052736655,-0.28373066,0.018118622,-1.0475069,-0.33284104
-0.15042531,-2.109256,-0.015318513,0.13798466,0.17641965,0.110486686,-0.46538433,-0.2167631
0.5921612,-0.18300788,0.10387026,-0.025009561,0.23551019,0.40796602,-0.15091705,0.33148304
-0.21540533,-0.26495877,-0.0052390355,-0.17178348,-0.39433432,0.1565957,-0.32363868,-0.7000923
0.5002572,2.1584394,0.042780127,-0.037298646,0.24897209,0.27411228,-0.7563346,0.53601325
-0.20592824,-1.0110576,0.22575319,0.29198456,0.48655826,0.32851428,0.7200522,-0.4469035
-0.17049326,1.7749199,0.073820114,-0.36539567,-0.29933584,-0.015208685,-0.40455744,-0.45472667
-0.16003582,0.042499717,0.08023198,-0.14121647,-0.9555609,-0.050247755,-0.18012343,0.2988129
0.17047596,0.234735,0.22749837,0.05823275,0.23842856,0.13212591,-0.04205686,0.14179459
-0.42571273,0.40407014,-0.18977538,-0.16863653,-0.35250375,-1.6040357,0.048580777,-0.40546355
-0.13520956,-0.66524476,0.056083336,-0.029773172,0.20891675,0.0016003617,-1.0920109,0.3603037
0.2517119,2.7050462,0.07127205,0.026763752,-0.29609722,0.2336637,0.3088524,-0.048641264
-0.008879131,2.3762405,0.038837258,0.08821194,0.33118308,0.24051566,0.48631763,0.2440798
0.38897145,-1.5079542,0.15086702,-0.056611132,0.087160975,-1.9903929,0.056338433,0.5311335
-0.16647351,-0.96922207,-0.18810466,0.12658724,0.19834796,0.2611201,-0.14366943,-0.62884456
-0.08748415,-1.0183234,0.023394583,-0.046456665,0.22961545,0.20178525,-0.12133594,1.075974
-0.13081603,-2.1755378,-0.05520081,-0.08230261,0.15384063,-0.06196248,-0.35488057,0.14957893
-0.1844457,-0.7311199,0.1600082,0.1086485,-0.32392547,0.12356153,-0.29455957,-0.645972
-0.3681882,0.2984803,0.038122386,-0.02673843,0.22744794,-0.39203483,-0.047030814,0.3800007
-0.12982935,-0.32285586,-0.025197245,-0.08287062,-0.6705127,0.11957914,-0.34496954,0.45314634
-0.13349442,-0.35609856,-0.1745353,-0.018326178,0.21598664,0.4530495,0.079118125,0.93477255
-0.09071409,-0.40765736,0.022187354,0.048156127,0.23408543,0.13087511,-0.28854644,0.35740244
-0.15301125,-0.58854973,0.009762741,-0.030281931,0.1536689,0.1964003,-0.041338325,-0.46448362
-0.23174581,0.6198557,-0.07077542,-0.22914031,0.12176962,0.31113765,0.08290676,-0.464375
-0.22276852,2.7170975,-0.33328426,0.041559346,0.031831447,-1.6695533,-0.26251262,-0.22351512
-0.19766362,-2.1115644,-0.1871876,-0.027596142,0.16524419,0.08064674,-0.2754791,-0.510281
-0.006014363,0.29800874,0.14453134,0.09302994,-0.30620688,-0.045056876,-0.11836161,0.24465734
0.959122,-0.24627505,-0.031832192,0.051681545,0.16997041,0.12029907,-0.13686557,-0.30516288
-0.13326488,2.7093432,-0.14779858,0.0800534,-0.092260756,0.7079831,0.41288266,-0.16347101
-0.17843673,-1.0258576,-0.34937492,-0.17901115,0.20230712,-0.28171584,-0.10465206,-0.63967913
-0.1425185,-1.0438327,0.06852376,-0.019808393,0.083056375,-2.0391717,0.12389102,0.5565856
-0.12013562,-1.2463863,-0.17398027,0.09847789,0.22843154,0.16337022,-0.31612706,-0.29195377
-0.19844382,-0.21937616,-0.05950064,-0.22271283,-0.08524092,-0.6418292,0.4119971,-0.63202775
0.3909583,-3.1097765,0.07598371,-0.09342603,0.19243549,0.2772994,0.062914774,0.41327983
-0.13283296,-1.2845678,-0.17959878,-0.3226497,0.41494155,0.21445213,-0.13408844,-0.5931089
-0.09058428,-0.6891203,0.06019222,-0.018480744,0.26887983,0.3328498,-0.3107074,0.54035676
0.4306015,-0.36064675,0.06834255,0.08362456,0.23997064,0.4477867,0.69830686,0.75268906
-0.1325597,-0.9949471,-0.32520023,0.024449214,-0.40759584,0.10358614,-0.23215976,-0.29500327
-0.27039084,-0.6014288,-0.4560729,-0.11051761,-0.19181606,-0.5159345,-0.3273315,-0.6992834
0.6458707,0.39631397,-0.41499737,-0.056699056,0.1920482,0.44645143,0.3566728,0.5953555
0.3088032,0.038244784,-0.174211,0.056261845,0.189565,-0.040027086,0.43157497,-0.035447624
0.3794357,-0.75167394,0.18464893,-0.014791997,-0.7223003,0.3889746,-0.18829699,0.6101377
-0.19242363,0.46110192,-0.5234949,0.081849106,0.24913584,2.5481837,0.15799785,-0.11087711
-0.19956096,-1.8319371,-0.03291485,0.066766314,-1.0025661,1.0812913,0.2392,-0.044247884
0.00046412373,3.203702,0.040612645,-0.030555332,0.0036781654,0.14068682,0.12717517,0.17170435
-0.0076934993,2.6757712,0.23443475,-0.0346148,0.21071981,-0.94614685,-0.044629443,0.47890627
-0.1403117,0.6833984,0.12125591,0.040271465,0.20912279,0.28614807,0.3910144,-0.26286143
-0.15544605,-0.52933276,0.02037362,-0.031950083,-0.8846728,0.027870996,-0.30015337,-0.25946498
0.11122942,-0.7761296,0.23306148,-0.058447804,0.07441457,-1.2942924,-0.19243817,-0.21767922
0.0047147907,3.5525978,-0.13404875,0.08163616,-0.21120931,0.65921295,-0.004640316,-0.073653154
0.53461653,0.3596822,0.08573773,0.10620025,0.24460195,0.3169285,0.07675958,0.61779344
-0.037206963,0.16329816,-0.075185634,0.05106588,-0.07257139,0.47211516,0.5242179,0.21968724
0.3045159,0.4880905,-0.13581869,0.07671312,0.20967582,0.42664194,-0.019850072,-0.009467111
0.0751574,-0.23279078,0.08567453,-0.010568707,0.23881496,0.26506728,-0.061365347,0.9187607
-0.1445499,-0.8759153,-0.025226455,-0.018292204,0.20370641,0.18248908,-0.35020247,-0.3797782
-0.2432978,2.5911515,-0.08777483,-0.02404176,0.20002869,0.33596516,0.16020203,-0.58397424
-0.23198062,-2.0254261,-0.3284382,-0.13606974,-0.14325194,-0.14442031,0.5562724,-0.291671
0.32549426,2.2681396,0.036295816,-0.008018862,0.23868863,0.39737752,-0.034914855,0.38008177
0.60345954,-2.0860457,0.12150226,-0.108220406,0.09259389,-2.02588,-0.79776084,0.15660946
0.25907683,-0.9941372,0.015760452,0.13183592,0.19444418,0.50546753,-0.5069986,-0.32712224
-0.19251072,-0.62644553,0.084121056,-0.03608441,0.20913918,0.14188044,-0.12262353,-0.44972247
-0.16726947,-0.6942867,0.18282685,0.09136597,-0.19423015,-1.5957266,-0.17991954,0.01678098
-0.14975347,0.065825306,-0.18710485,-0.04112728,0.25025085,0.35069117,-0.02655249,0.90862757
-0.17837931,-1.421802,0.12722506,0.1685242,0.18637754,0.119025856,-0.2990914,-0.5208662
